month,RAIN
1,0.0
2,0.005952380952380952
3,0.00026881720430107527
4,0.020416666666666666
5,0.048118279569892466
6,0.1061111111111111
7,0.12284946236559138
8,0.0771505376344086
9,0.21444444444444447
10,0.014247311827956988
11,0.00125
12,0.0
