month,RAIN
1,0.0
2,0.01011904761904762
3,0.0008064516129032258
4,0.02791666666666667
5,0.08104838709677419
6,0.18277777777777776
7,0.09233870967741936
8,0.08064516129032258
9,0.15430555555555556
10,0.020026881720430108
11,0.0011111111111111111
12,0.0
