month,PM2.5
1,93.40912745435121
2,151.48769533347
3,97.76075268817205
4,87.75689778890484
5,64.80111937637494
6,56.22281169170253
7,95.31796560216597
8,62.562589258079946
9,69.61436799475533
10,107.38297421508463
11,81.56616835280568
12,50.897040924823756
