month,PM2.5
1,98.45739008490018
2,136.38952582959786
3,93.98834653537175
4,84.99882552515001
5,66.6120471375623
6,61.0372416982516
7,92.10460289756914
8,66.2868114114455
9,68.17127679064762
10,113.97483488852845
11,87.95715885848334
12,70.64818411777894
