month,PM10
1,112.54244804030421
2,147.01355772202265
3,132.4758064516129
4,140.99407920320365
5,109.88541411992819
6,75.32660997798122
7,113.30261842100344
8,83.28796788336903
9,83.74020570170356
10,127.64035236268796
11,120.38549886687011
12,85.7748354199455
