month,PM10
1,124.03213679767245
2,142.40990458696172
3,126.97629525873432
4,126.27436903817822
5,113.81389665305538
6,83.13825792706712
7,115.80217521840277
8,83.7114993077374
9,85.08030328123841
10,137.82832506377457
11,125.0772857048449
12,108.11424111531336
