month,TEMP
1,-0.6137096774193549
2,-0.3482142857142857
3,9.65282258064516
4,17.080833333333334
5,21.746102150537634
6,25.00680555555556
7,28.156317204301075
8,26.233467741935485
9,20.295972222222222
10,13.518951612903226
11,5.730555555555555
12,-1.3538978494623655
