month,TEMP
1,-0.20591397849462367
2,-0.41622023809523806
3,9.859139784946237
4,17.0425
5,21.778494623655916
6,24.70375
7,28.17083333333333
8,26.047043010752688
9,20.814027777777778
10,13.442069892473118
11,5.528333333333333
12,-1.168548387096774
